,City,Latitude,Longitude,Max Temperature,Humidity,Cloudiness,Wind Speed,Country,Date
0,punta arenas,-53.15,-70.92,33.8,74,75,5.816044000000001,CL,2020-07-16
1,port hedland,-20.32,118.57,53.6,71,0,8.052984,AU,2020-07-16
2,fukue,32.69,128.84,72.42800000000007,86,46,13.757181000000001,JP,2020-07-16
3,okhotsk,59.38,143.3,56.42600000000009,89,100,6.71082,RU,2020-07-16
4,klaksvik,62.23,-6.59,51.8,93,0,14.987498000000002,FO,2020-07-16
5,bluff,-46.6,168.33,37.79600000000005,88,41,10.3570322,NZ,2020-07-16
6,bethel,41.37,-73.41,77.0,64,75,8.052984,US,2020-07-16
7,mildura,-34.2,142.15,32.0,83,0,5.6594581999999996,AU,2020-07-16
8,maues,-3.38,-57.72,91.72400000000002,46,65,2.7514362,BR,2020-07-16
10,korla,41.76,86.15,77.0,78,0,4.0041226000000005,CN,2020-07-16
11,roccastrada,43.01,11.17,77.0,47,20,4.697574,IT,2020-07-16
12,hami,42.8,93.45,77.41400000000004,32,87,4.0041226000000005,CN,2020-07-16
13,ixtapa,20.7,-105.2,91.00400000000005,74,75,10.289924,MX,2020-07-16
14,tasiilaq,65.61,-37.64,48.2,66,40,13.869028000000002,GL,2020-07-16
15,port blair,11.67,92.75,80.42000000000007,79,100,9.506995,IN,2020-07-16
16,castro,-24.79,-50.01,64.50800000000001,71,0,5.592350000000001,BR,2020-07-16
17,keti bandar,24.14,67.45,85.78399999999999,81,100,19.9982436,PK,2020-07-16
18,san patricio,19.22,-104.7,89.6,75,75,11.408394,MX,2020-07-16
19,narsaq,60.92,-46.05,64.4,36,20,9.171454,GL,2020-07-16
20,matay,28.42,30.78,79.97000000000006,41,0,19.5955944,EG,2020-07-16
21,hilo,19.73,-155.09,80.6,65,90,4.362033,US,2020-07-16
23,avarua,-21.21,-159.78,71.6,73,32,6.934514000000001,CK,2020-07-16
24,albany,42.6,-73.97,78.00800000000001,56,98,1.9908766000000002,US,2020-07-16
25,murfreesboro,35.85,-86.39,93.99199999999999,55,20,10.289924,US,2020-07-16
26,saint-paul,-21.01,55.27,68.0,77,0,3.35541,RE,2020-07-16
27,yellowknife,62.46,-114.35,64.99400000000009,48,75,5.816044000000001,CA,2020-07-16
28,arraial do cabo,-22.97,-42.03,69.80000000000001,64,75,8.052984,BR,2020-07-16
29,rikitea,-23.12,-134.97,73.74199999999999,81,100,3.3777794,PF,2020-07-16
30,eluru,16.7,81.1,78.0260000000001,88,83,4.3396636,IN,2020-07-16
31,sao filipe,14.9,-24.5,76.02800000000008,79,37,10.178077,CV,2020-07-16
32,bambous virieux,-20.34,57.76,69.80000000000001,83,75,6.934514000000001,MU,2020-07-16
33,gao,16.64,1.64,89.36600000000001,44,14,12.593972200000001,ML,2020-07-16
34,nantucket,41.28,-70.1,69.80000000000001,56,40,5.816044000000001,US,2020-07-16
35,chokurdakh,70.63,147.92,40.17200000000004,92,100,7.3147938,RU,2020-07-16
37,hermanus,-34.42,19.23,53.00600000000003,75,0,1.006623,ZA,2020-07-16
38,ribeira grande,38.52,-28.7,71.6,73,75,11.408394,PT,2020-07-16
39,rocha,-34.48,-54.33,51.33200000000002,76,3,5.391025400000001,UY,2020-07-16
40,lorengau,-2.02,147.27,81.69800000000004,70,63,2.5948504,PG,2020-07-16
41,ryotsu,38.08,138.43,64.4,93,100,3.35541,JP,2020-07-16
44,sur,22.57,59.53,85.892,63,0,9.9767524,OM,2020-07-16
45,tottori,35.5,134.23,66.95600000000003,86,97,0.782929,JP,2020-07-16
46,hobart,-42.88,147.33,39.2,86,40,4.3844024,AU,2020-07-16
47,jamestown,42.1,-79.24,78.99800000000002,88,90,8.052984,US,2020-07-16
48,puerto ayora,-0.74,-90.35,75.2,69,20,18.342908,EC,2020-07-16
49,ketchikan,55.34,-131.65,59.0,82,90,8.052984,US,2020-07-16
50,cape town,-33.93,18.42,51.8,87,0,2.23694,ZA,2020-07-16
51,port alfred,-33.59,26.89,57.12800000000007,48,2,7.270055,ZA,2020-07-16
52,hovd,48.01,91.64,59.45,52,11,0.8052984,MN,2020-07-16
53,souillac,-20.52,57.52,69.80000000000001,83,75,6.934514000000001,MU,2020-07-16
54,klyuchi,52.27,79.17,67.424,78,58,12.280800600000001,RU,2020-07-16
55,tessalit,20.2,1.01,93.29000000000002,25,63,13.667703400000002,ML,2020-07-16
56,kodiak,57.79,-152.41,57.2,76,90,5.816044000000001,US,2020-07-16
57,lipin bor,60.26,37.98,56.156000000000034,96,92,6.688450600000001,RU,2020-07-16
58,berlevag,70.86,29.09,57.2,87,100,3.35541,NO,2020-07-16
59,bubaque,11.28,-15.83,78.99800000000002,85,100,18.2981692,GW,2020-07-16
60,hithadhoo,-0.6,73.08,84.23600000000008,69,43,5.346286600000001,MV,2020-07-16
61,mount isa,-20.73,139.5,53.6,32,0,4.697574,AU,2020-07-16
62,inegol,40.08,29.51,68.0,68,20,5.816044000000001,TR,2020-07-16
64,bayan,46.08,127.4,69.24199999999999,77,0,4.115969600000001,CN,2020-07-16
65,qaanaaq,77.48,-69.36,44.168000000000085,77,94,5.2344396,GL,2020-07-16
66,upernavik,72.79,-56.15,44.63600000000007,82,50,7.449010200000001,GL,2020-07-16
67,saint-philippe,-21.36,55.77,66.2,77,75,2.23694,RE,2020-07-16
68,georgetown,5.41,100.34,77.0,94,40,3.35541,MY,2020-07-16
69,beringovskiy,63.05,179.32,52.070000000000064,79,99,4.0936002,RU,2020-07-16
70,zhigansk,66.77,123.37,61.17800000000007,93,100,7.225316200000001,RU,2020-07-16
71,vaini,-21.2,-175.2,73.4,88,20,6.934514000000001,TO,2020-07-16
72,kapaa,22.08,-159.32,80.99600000000005,78,20,10.289924,US,2020-07-16
73,pangnirtung,66.15,-65.71,60.8,59,20,9.171454,CA,2020-07-16
74,sabang,5.89,95.32,83.04800000000003,75,54,4.6752046,ID,2020-07-16
75,port hardy,50.7,-127.42,57.2,93,90,11.408394,CA,2020-07-16
76,saskylakh,71.92,114.08,47.570000000000064,61,100,21.810165,RU,2020-07-16
77,mataura,-46.19,168.86,28.418000000000085,98,24,2.0803542000000004,NZ,2020-07-16
78,ushuaia,-54.8,-68.3,33.8,90,0,3.35541,AR,2020-07-16
80,oranjemund,-28.55,16.43,66.27200000000005,25,0,9.484625600000001,NA,2020-07-16
81,husavik,66.04,-17.34,51.8,93,75,11.408394,IS,2020-07-16
82,santa barbara,34.42,-119.7,80.00600000000003,68,75,6.934514000000001,US,2020-07-16
83,brigantine,39.41,-74.36,78.99800000000002,61,20,11.408394,US,2020-07-16
84,cabedelo,-6.98,-34.83,75.2,88,75,6.934514000000001,BR,2020-07-16
86,busselton,-33.65,115.33,51.998000000000026,87,74,9.171454,AU,2020-07-16
87,esperance,-33.87,121.9,59.37800000000007,92,100,11.430763400000002,AU,2020-07-16
88,katsuura,35.13,140.3,68.0,94,75,3.35541,JP,2020-07-16
89,ngunguru,-35.62,174.5,59.0,3,87,5.010745600000001,NZ,2020-07-16
90,vanimo,-2.67,141.3,77.72000000000006,84,26,2.9751302,PG,2020-07-16
91,atuona,-9.8,-139.03,79.73600000000008,76,0,19.6627026,PF,2020-07-16
92,la plata,-34.92,-57.95,60.8,48,4,3.35541,AR,2020-07-16
93,vostok,46.49,135.88,58.71200000000006,96,70,3.914645,RU,2020-07-16
94,gushikawa,26.35,127.87,80.6,88,75,5.816044000000001,JP,2020-07-16
95,narrabri,-30.32,149.78,37.004000000000055,92,40,5.816044000000001,AU,2020-07-16
96,thompson,55.74,-97.86,60.8,82,75,13.869028000000002,CA,2020-07-16
97,jiaojiang,28.68,121.44,82.00400000000005,96,100,2.2145706,CN,2020-07-16
98,nerchinskiy zavod,51.31,119.61,65.2100000000001,92,100,2.7066974,RU,2020-07-16
99,bandundu,-3.32,17.37,81.87800000000007,54,63,0.6487126,CD,2020-07-16
101,saldanha,-33.01,17.94,51.8,66,0,10.222815800000001,ZA,2020-07-16
102,tuktoyaktuk,69.45,-133.04,53.6,62,75,12.750558000000002,CA,2020-07-16
103,cabo san lucas,22.89,-109.91,91.4,66,5,11.408394,MX,2020-07-16
104,grieskirchen,48.23,13.83,57.992,94,100,1.9908766000000002,AT,2020-07-16
105,gayny,60.31,54.32,61.483999999999995,97,100,4.921268,RU,2020-07-16
106,soe,-9.86,124.28,63.75200000000008,100,50,4.1830778,ID,2020-07-16
107,russell,32.35,-85.2,91.4,55,20,3.35541,US,2020-07-16
108,constitucion,-35.33,-72.42,54.320000000000064,80,100,11.520241000000002,CL,2020-07-16
109,los llanos de aridane,28.66,-17.92,73.4,73,20,11.408394,ES,2020-07-16
110,mahebourg,-20.41,57.7,69.80000000000001,83,75,6.934514000000001,MU,2020-07-16
111,srednekolymsk,67.45,153.68,49.55,56,100,6.7555588,RU,2020-07-16
112,dakar,14.69,-17.44,82.4,74,40,9.171454,SN,2020-07-16
114,pabrade,55.0,25.78,66.2,52,100,5.816044000000001,LT,2020-07-16
115,lebu,-37.62,-73.65,53.564000000000036,88,100,17.671826000000003,CL,2020-07-16
116,verkhnevilyuysk,63.45,120.32,56.08399999999999,87,2,5.2791784,RU,2020-07-16
117,caravelas,-17.71,-39.25,72.77000000000007,75,100,12.593972200000001,BR,2020-07-16
118,ampanihy,-24.7,44.75,58.31600000000001,80,0,8.4108944,MG,2020-07-16
119,bredasdorp,-34.53,20.04,46.4,93,0,3.35541,ZA,2020-07-16
120,komsomolskiy,40.43,71.72,84.2,23,20,9.171454,UZ,2020-07-16
121,clermont,49.5,2.42,64.4,72,90,10.289924,FR,2020-07-16
122,phan thiet,10.93,108.1,77.27000000000007,85,0,4.250186,VN,2020-07-16
123,senanga,-16.12,23.27,54.194000000000074,51,0,7.3147938,ZM,2020-07-16
124,grindavik,63.84,-22.43,50.0,87,75,13.869028000000002,IS,2020-07-16
125,bay roberts,47.6,-53.26,50.0,93,90,18.342908,CA,2020-07-16
126,grand gaube,-20.01,57.66,68.0,78,4,2.9974996000000003,MU,2020-07-16
127,pacific grove,36.62,-121.92,69.99800000000002,68,40,5.816044000000001,US,2020-07-16
128,saint george,37.1,-113.58,102.00200000000008,12,1,4.697574,US,2020-07-16
129,hasaki,35.73,140.83,64.4,93,75,4.697574,JP,2020-07-16
130,butaritari,3.07,172.79,83.55200000000008,65,98,10.312293400000001,KI,2020-07-16
131,pailon,-17.65,-62.75,87.80000000000001,58,40,14.987498000000002,BO,2020-07-16
132,tanem,63.31,10.43,64.4,77,40,18.342908,NO,2020-07-16
133,stanghelle,60.55,5.74,59.0,82,75,12.750558000000002,NO,2020-07-16
134,ahlat,38.75,42.48,68.36000000000008,57,1,5.1897008,TR,2020-07-16
135,kysyl-syr,63.9,122.76,60.00800000000001,88,59,5.927891,RU,2020-07-16
136,faanui,-16.48,-151.75,75.86600000000001,88,100,18.342908,PF,2020-07-16
137,abu dhabi,24.47,54.37,100.4,56,4,6.934514000000001,AE,2020-07-16
138,san cristobal,7.77,-72.22,95.0,34,20,20.803542000000004,VE,2020-07-16
139,pevek,69.7,170.31,41.306000000000026,97,100,7.2924244,RU,2020-07-16
140,yulara,-25.24,130.99,41.0,56,0,5.816044000000001,AU,2020-07-16
141,necochea,-38.55,-58.74,59.0,49,5,8.008245200000001,AR,2020-07-16
142,carnarvon,-24.87,113.63,62.6,100,75,12.750558000000002,AU,2020-07-16
143,sergeyevka,53.88,67.42,65.58800000000005,66,0,5.637088800000001,KZ,2020-07-16
145,lompoc,34.64,-120.46,71.6,60,10,5.816044000000001,US,2020-07-16
146,muisne,0.6,-80.03,77.86400000000003,83,73,8.6793272,EC,2020-07-16
147,puerto montt,-41.47,-72.94,51.8,87,90,12.750558000000002,CL,2020-07-16
148,ca mau,9.18,105.15,77.36000000000008,90,7,1.9908766000000002,VN,2020-07-16
149,new norfolk,-42.78,147.06,39.2,86,40,2.348787,AU,2020-07-16
150,codrington,-38.27,141.97,38.75,92,2,7.806920600000001,AU,2020-07-16
151,asmara,15.33,38.93,63.194000000000074,69,13,9.6859502,ER,2020-07-16
152,broken hill,-31.95,141.43,43.070000000000064,69,0,5.592350000000001,AU,2020-07-16
153,chuy,-33.7,-53.46,52.80800000000001,79,70,6.845036400000001,UY,2020-07-16
155,lufilufi,-13.87,-171.6,77.0,88,75,20.624586800000003,WS,2020-07-16
156,siocon,7.71,122.14,77.93600000000006,82,100,4.47388,PH,2020-07-16
157,praia,14.92,-23.51,80.6,61,75,13.869028000000002,CV,2020-07-16
158,dafeng,23.45,108.59,77.70200000000008,88,100,4.9436374,CN,2020-07-16
159,butka,56.72,63.79,69.85400000000006,73,0,4.921268,RU,2020-07-16
160,vao,-22.67,167.48,69.13399999999999,63,66,12.5716028,NC,2020-07-16
161,tjaereborg,55.46,8.58,60.8,77,0,3.35541,DK,2020-07-16
162,college,64.86,-147.8,59.0,82,75,3.35541,US,2020-07-16
163,inta,66.03,60.17,49.26200000000006,81,1,12.638711000000002,RU,2020-07-16
164,yumen,40.28,97.2,68.30600000000004,38,58,3.914645,CN,2020-07-16
165,mar del plata,-38.0,-57.56,55.99400000000007,50,32,13.869028000000002,AR,2020-07-16
166,kutum,14.2,24.67,80.43800000000005,47,59,10.245185200000002,SD,2020-07-16
167,green river,41.53,-109.47,84.2,11,1,11.408394,US,2020-07-16
169,muros,42.78,-9.06,75.99199999999999,56,16,12.9966214,ES,2020-07-16
170,terrace bay,48.78,-87.1,64.4,82,75,6.934514000000001,CA,2020-07-16
171,pangoa,-12.12,-73.0,84.68600000000006,48,25,5.2791784,PE,2020-07-16
172,christchurch,-43.53,172.63,39.00200000000008,100,96,3.3106712000000003,NZ,2020-07-16
173,alice springs,-23.7,133.88,33.8,69,4,5.816044000000001,AU,2020-07-16
174,barrow,71.29,-156.79,35.6,80,75,11.408394,US,2020-07-16
175,kholodnyy,62.72,147.95,55.92200000000004,82,75,2.3935258000000004,RU,2020-07-16
176,port lincoln,-34.73,135.87,52.82600000000009,73,0,8.4332638,AU,2020-07-16
177,pochutla,15.74,-96.47,89.99600000000005,66,75,12.750558000000002,MX,2020-07-16
178,east london,-33.02,27.91,58.352000000000075,40,0,5.6594581999999996,ZA,2020-07-16
179,raudeberg,61.99,5.14,62.6,77,75,18.342908,NO,2020-07-16
180,tigil,57.8,158.67,56.08399999999999,89,86,7.180577400000001,RU,2020-07-16
181,geraldton,-28.77,114.6,59.0,93,75,11.408394,AU,2020-07-16
182,bengkulu,-3.8,102.27,77.18000000000004,86,95,5.010745600000001,ID,2020-07-16
183,fortuna,40.6,-124.16,62.99600000000005,77,1,16.105968,US,2020-07-16
184,langholm,55.15,-3.0,60.8,87,75,14.987498000000002,GB,2020-07-16
185,saint-joseph,-21.37,55.62,66.2,77,75,2.23694,RE,2020-07-16
186,rundu,-17.93,19.77,62.6,45,0,4.697574,NA,2020-07-16
187,olafsvik,64.89,-23.71,49.17200000000004,77,100,26.776171800000004,IS,2020-07-16
188,canberra,-35.28,149.13,39.992,100,3,3.35541,AU,2020-07-16
189,huoqiu,32.34,116.27,70.808,97,99,7.068730400000001,CN,2020-07-16
190,kruisfontein,-34.0,24.73,48.16400000000003,53,32,3.7804286,ZA,2020-07-16
191,airai,-8.93,125.41,56.46200000000006,93,1,2.8185444000000004,TL,2020-07-16
192,dwarka,22.24,68.97,84.11000000000008,78,100,10.491248600000002,IN,2020-07-16
194,ahipara,-35.17,173.17,58.44199999999999,91,100,8.9701294,NZ,2020-07-16
195,atar,20.52,-13.05,96.11600000000001,17,1,14.450632400000002,MR,2020-07-16
196,honiara,-9.43,159.95,71.6,94,20,2.23694,SB,2020-07-16
197,bintulu,3.17,113.03,75.2,100,40,8.9701294,MY,2020-07-16
198,shenjiamen,29.96,122.3,73.94000000000003,93,100,8.6345884,CN,2020-07-16
199,kaitangata,-46.28,169.85,39.00200000000008,72,39,6.666081200000001,NZ,2020-07-16
200,dikson,73.51,80.55,39.72200000000004,93,41,2.7514362,RU,2020-07-16
201,bairiki,1.33,172.98,80.6,78,75,4.697574,KI,2020-07-16
202,lamu,-2.27,40.9,77.27000000000007,65,88,24.270799,KE,2020-07-16
203,mantua,45.17,10.78,77.0,67,11,6.106846200000001,IT,2020-07-16
204,tautira,-17.73,-149.15,80.6,69,20,3.35541,PF,2020-07-16
205,sweetwater,25.76,-80.37,93.2,52,75,11.408394,US,2020-07-16
206,marystown,47.17,-55.15,59.27000000000007,69,98,14.405893600000002,CA,2020-07-16
207,tapes,-30.67,-51.4,52.39400000000008,87,92,16.2401844,BR,2020-07-16
208,port elizabeth,-33.92,25.57,46.4,87,43,3.35541,ZA,2020-07-16
209,hvolsvollur,63.75,-20.22,53.00600000000003,88,100,9.9991218,IS,2020-07-16
210,payson,40.04,-111.73,87.80000000000001,23,40,5.816044000000001,US,2020-07-16
211,padang,-0.95,100.35,77.46800000000009,84,100,7.4266408,ID,2020-07-16
212,tura,25.52,90.22,75.434,98,100,5.569980600000001,IN,2020-07-16
213,pangai,-19.8,-174.35,77.0,73,20,13.869028000000002,TO,2020-07-16
214,longyearbyen,78.22,15.64,46.4,75,75,3.35541,SJ,2020-07-16
215,quelimane,-17.88,36.89,68.0,77,40,11.408394,MZ,2020-07-16
216,mollendo,-17.02,-72.01,63.21200000000006,72,68,6.979252800000001,PE,2020-07-16
217,vigrestad,58.57,5.7,57.992,88,99,4.0712308,NO,2020-07-16
218,portales,34.19,-103.33,96.99800000000003,33,20,10.289924,US,2020-07-16
219,necocli,8.42,-76.79,82.4,78,75,8.6569578,CO,2020-07-16
220,kloulklubed,7.04,134.26,75.2,94,75,5.816044000000001,PW,2020-07-16
221,ancud,-41.87,-73.82,50.0,93,90,12.750558000000002,CL,2020-07-16
222,hamilton,39.18,-84.53,89.00600000000003,62,75,16.105968,US,2020-07-16
223,tiarei,-17.53,-149.33,80.6,69,20,3.35541,PF,2020-07-16
224,naryan-mar,67.67,53.09,44.07800000000007,88,62,8.925390600000002,RU,2020-07-16
225,guerrero negro,27.98,-114.06,79.71800000000009,48,0,15.748057600000001,MX,2020-07-16
226,tall kayf,37.08,41.07,85.49600000000005,15,0,4.6528352,TR,2020-07-16
227,akdepe,42.06,59.38,84.2,35,16,6.934514000000001,TM,2020-07-16
229,qaqortoq,60.72,-46.03,64.4,36,20,9.171454,GL,2020-07-16
230,homer,59.64,-151.55,66.2,52,1,9.171454,US,2020-07-16
231,torbay,47.67,-52.73,50.0,100,90,21.922012000000002,CA,2020-07-16
233,fort-shevchenko,44.51,50.26,81.734,65,0,14.070352600000001,KZ,2020-07-16
234,hobyo,5.35,48.53,79.07000000000006,71,92,28.3867686,SO,2020-07-16
236,cockburn town,21.46,-71.14,82.81400000000004,76,95,13.086099,TC,2020-07-16
238,gaeta,41.22,13.56,71.99600000000005,75,15,8.4332638,IT,2020-07-16
239,bantry,51.68,-9.45,68.0,82,20,11.408394,IE,2020-07-16
240,nikolskoye,59.7,30.79,60.8,67,75,4.47388,RU,2020-07-16
243,samarai,-10.62,150.67,76.316,88,100,16.978374600000002,PG,2020-07-16
244,chapais,49.78,-74.85,64.4,93,90,10.289924,CA,2020-07-16
245,gondanglegi,-7.75,112.01,71.42000000000007,86,0,2.6843280000000003,ID,2020-07-16
246,vila franca do campo,37.72,-25.43,69.80000000000001,73,75,12.750558000000002,PT,2020-07-16
247,semnan,35.57,53.4,75.93800000000005,39,3,5.592350000000001,IR,2020-07-16
248,nanortalik,60.14,-45.24,51.96200000000006,52,53,10.4241404,GL,2020-07-16
249,jonkoping,57.78,14.16,62.6,88,13,3.35541,SE,2020-07-16
250,tiksi,71.69,128.87,36.69800000000002,86,9,19.617963800000002,RU,2020-07-16
251,hofn,64.25,-15.21,52.592,86,93,20.445631600000002,IS,2020-07-16
252,mapimi,25.82,-103.85,96.00800000000001,24,20,5.816044000000001,MX,2020-07-16
253,san rafael,-34.62,-68.33,63.842,27,2,6.0621074,AR,2020-07-16
254,calbuco,-41.77,-73.13,51.8,87,90,12.750558000000002,CL,2020-07-16
255,tateyama,34.98,139.87,68.0,94,75,3.35541,JP,2020-07-16
256,bowen,-20.02,148.23,51.00800000000001,80,0,6.3529096,AU,2020-07-16
257,poso,-1.4,120.75,74.78600000000007,82,20,2.460634,ID,2020-07-16
258,arrecife,28.96,-13.55,77.0,65,20,19.461378,ES,2020-07-16
259,saint-prosper,46.21,-70.48,77.0,38,100,2.9974996000000003,CA,2020-07-16
260,sinnamary,5.38,-52.95,83.15600000000003,78,100,10.5807262,GF,2020-07-16
261,samsun,41.25,36.33,75.2,78,75,6.934514000000001,TR,2020-07-16
262,khatanga,71.97,102.5,50.82800000000007,76,100,15.1217144,RU,2020-07-16
263,norman wells,65.28,-126.83,62.6,82,90,10.289924,CA,2020-07-16
265,eureka,40.8,-124.16,62.99600000000005,87,90,4.697574,US,2020-07-16
266,vershino-darasunskiy,52.35,115.52,58.748000000000026,88,100,5.5028724,RU,2020-07-16
267,orlik,52.52,99.83,41.791999999999994,80,100,0.5816044,RU,2020-07-16
268,haines junction,60.75,-137.51,70.66400000000004,43,18,2.2816788000000003,CA,2020-07-16
269,ghanzi,-21.57,21.78,45.71600000000001,54,0,8.6569578,BW,2020-07-16
270,mount gambier,-37.83,140.77,40.24400000000007,97,16,5.077853800000001,AU,2020-07-16
271,mushie,-3.02,16.9,79.50200000000008,63,55,2.013246,CD,2020-07-16
272,anadyr,64.75,177.48,48.2,100,90,9.1043458,RU,2020-07-16
273,nanga eboko,4.68,12.37,68.75600000000003,97,100,3.1093466,CM,2020-07-16
274,kattivakkam,13.22,80.32,78.80000000000001,94,75,2.23694,IN,2020-07-16
275,naze,28.37,129.48,80.6,94,75,12.750558000000002,JP,2020-07-16
276,acarau,-2.89,-40.12,81.91400000000004,68,0,14.8532816,BR,2020-07-16
277,vestmanna,62.16,-7.17,51.8,93,15,14.987498000000002,FO,2020-07-16
278,vestmannaeyjar,63.44,-20.27,52.05200000000008,90,100,17.7389342,IS,2020-07-16
279,kununurra,-15.77,128.73,55.400000000000006,34,0,7.5384878,AU,2020-07-16
280,sitka,57.05,-135.33,59.0,77,75,11.408394,US,2020-07-16
281,cayenne,4.93,-52.33,82.4,78,84,2.23694,GF,2020-07-16
282,saint-augustin,51.23,-58.65,69.22400000000002,46,2,15.524363600000003,CA,2020-07-16
283,erenhot,43.65,111.98,74.71400000000003,36,100,13.578225800000002,CN,2020-07-16
284,chissamba,-12.17,17.33,56.87600000000009,36,3,6.2858014,AO,2020-07-16
286,podporozhye,60.91,34.17,52.71800000000009,96,100,6.106846200000001,RU,2020-07-16
287,maun,-19.98,23.42,57.2,39,0,9.171454,BW,2020-07-16
288,hagersville,42.97,-80.05,80.00600000000003,100,90,6.934514000000001,CA,2020-07-16
289,yerbogachen,61.28,108.01,47.67800000000007,91,0,6.0173686,RU,2020-07-16
290,hirara,24.8,125.28,85.37000000000006,83,100,21.4298852,JP,2020-07-16
291,provideniya,64.38,-173.3,48.2,81,75,4.47388,RU,2020-07-16
292,porto novo,6.5,2.6,75.2,94,20,9.171454,BJ,2020-07-16
293,keuruu,62.27,24.7,64.4,63,27,4.697574,FI,2020-07-16
294,budingen,50.3,9.12,60.998000000000026,90,100,0.2908022,DE,2020-07-16
295,andapa,-14.65,49.65,63.03200000000002,82,78,2.8856526000000002,MG,2020-07-16
296,anloga,5.79,0.9,75.2,88,20,11.408394,GH,2020-07-16
297,kitakata,37.65,139.87,62.99600000000005,92,100,2.1922012,JP,2020-07-16
298,ust-maya,60.42,134.53,62.81600000000001,77,5,0.9171454,RU,2020-07-16
299,arman,59.7,150.17,52.88000000000004,92,100,4.787051600000001,RU,2020-07-16
300,guilin,25.28,110.29,77.0,94,100,2.23694,CN,2020-07-16
302,tuatapere,-46.13,167.68,32.63000000000004,95,50,4.115969600000001,NZ,2020-07-16
303,camaqua,-30.85,-51.81,49.29800000000003,94,100,9.932013600000001,BR,2020-07-16
304,benguela,-12.58,13.41,67.49600000000005,85,0,2.7738056,AO,2020-07-16
305,jumla,29.27,82.18,64.07600000000009,72,83,1.8119214000000003,NP,2020-07-16
306,havre-saint-pierre,50.23,-63.6,73.4,35,1,16.105968,CA,2020-07-16
308,ust-barguzin,53.45,108.98,48.812000000000054,86,18,2.9751302,RU,2020-07-16
309,coolum beach,-26.53,153.1,51.09800000000003,71,0,7.762181800000001,AU,2020-07-16
310,sechura,-5.56,-80.82,72.62600000000009,60,12,14.495371200000003,PE,2020-07-16
312,abu zabad,12.35,29.25,81.44600000000005,61,0,5.6594581999999996,SD,2020-07-16
313,talnakh,69.49,88.4,48.2,87,40,11.184700000000001,RU,2020-07-16
314,zheleznodorozhnyy,55.75,38.0,60.998000000000026,87,75,6.71082,RU,2020-07-16
315,launceston,-41.45,147.17,30.2,100,0,4.697574,AU,2020-07-16
316,malanje,-9.54,16.34,64.34600000000006,28,8,3.1764548,AO,2020-07-16
317,bara,10.37,10.73,77.86400000000003,79,100,8.0306146,NG,2020-07-16
318,vitim,59.45,112.56,50.27000000000007,92,95,4.9436374,RU,2020-07-16
319,viedma,-40.81,-63.0,57.992,67,0,1.9908766000000002,AR,2020-07-16
320,houma,29.6,-90.72,73.4,100,90,3.35541,US,2020-07-16
321,altamont,42.21,-121.74,87.99800000000002,24,1,9.171454,US,2020-07-16
322,trairi,-3.28,-39.27,81.26600000000002,69,0,12.057106600000001,BR,2020-07-16
323,edd,13.93,41.69,90.608,53,100,5.9949992000000005,ER,2020-07-16
324,saint marys,30.73,-81.55,91.00400000000005,79,40,10.289924,US,2020-07-16
325,alta floresta,-9.88,-56.09,96.8,25,20,4.697574,BR,2020-07-16
326,lata,40.16,-8.33,93.00200000000008,32,0,2.9974996000000003,PT,2020-07-16
327,ponta do sol,32.67,-17.1,73.4,69,12,4.697574,PT,2020-07-16
328,bestobe,52.5,73.1,70.592,56,0,7.471379600000001,KZ,2020-07-16
329,half moon bay,37.46,-122.43,71.99600000000005,72,5,242.70799000000002,US,2020-07-16
330,ust-kut,56.79,105.77,45.53600000000007,86,0,3.6462122,RU,2020-07-16
332,tazovskiy,67.47,78.7,42.38600000000007,92,4,10.737312000000001,RU,2020-07-16
333,port macquarie,-31.43,152.92,57.00200000000008,76,94,1.9908766000000002,AU,2020-07-16
334,lima,-12.04,-77.03,62.6,72,90,6.934514000000001,PE,2020-07-16
335,flinders,-34.58,150.86,53.99600000000005,75,58,11.0057448,AU,2020-07-16
336,chernyshevskiy,63.01,112.47,48.84800000000003,96,98,4.7199434,RU,2020-07-16
337,hambantota,6.12,81.12,84.2,70,75,8.052984,LK,2020-07-16
338,xichang,27.9,102.26,68.18000000000004,82,100,0.6263432000000001,CN,2020-07-16
339,huarmey,-10.07,-78.15,66.72200000000004,68,4,10.4688792,PE,2020-07-16
340,cimitarra,6.31,-73.95,92.10200000000009,46,70,2.7961750000000003,CO,2020-07-16
341,siverek,37.76,39.32,86.0,35,0,16.105968,TR,2020-07-16
342,lucapa,-8.42,20.74,69.22400000000002,25,0,4.4962494,AO,2020-07-16
343,fairbanks,64.84,-147.72,59.0,87,90,2.7961750000000003,US,2020-07-16
344,lazaro cardenas,17.96,-102.2,87.51200000000006,68,1,8.4556332,MX,2020-07-16
345,kachiry,53.07,76.1,67.92800000000007,70,0,8.164831,KZ,2020-07-16
346,rujewa,-8.7,34.38,58.208000000000006,58,0,10.4688792,TZ,2020-07-16
347,shu,43.6,73.76,76.55000000000001,31,62,8.1424616,KZ,2020-07-16
349,hualmay,-11.1,-77.61,65.26400000000004,69,23,9.193823400000001,PE,2020-07-16
350,altay,47.87,88.12,67.71200000000006,39,38,8.0306146,CN,2020-07-16
351,general salgado,-20.65,-50.36,81.1760000000001,38,37,4.2054472,BR,2020-07-16
352,azul,-36.78,-59.86,60.00800000000001,43,0,1.006623,AR,2020-07-16
353,inzhavino,52.32,42.49,54.64400000000008,89,0,4.9436374,RU,2020-07-16
354,lanxi,29.22,119.48,74.066,93,74,2.3040482000000004,CN,2020-07-16
355,fort nelson,58.81,-122.7,62.6,77,75,2.23694,CA,2020-07-16
358,usinsk,65.99,57.53,51.29600000000005,78,36,13.242684800000001,RU,2020-07-16
359,derzhavinsk,51.1,66.32,69.04400000000007,52,0,9.5293644,KZ,2020-07-16
360,shimoda,34.67,138.95,69.80000000000001,100,75,8.052984,JP,2020-07-16
361,moose factory,51.26,-80.61,80.6,47,75,11.408394,CA,2020-07-16
362,douglas,41.3,-96.17,87.00800000000001,55,75,6.934514000000001,US,2020-07-16
363,iqaluit,63.75,-68.51,51.8,57,75,8.052984,CA,2020-07-16
364,sao jose da coroa grande,-8.9,-35.15,76.11800000000008,79,26,12.7729274,BR,2020-07-16
365,san policarpo,12.18,125.51,82.77800000000008,79,7,7.471379600000001,PH,2020-07-16
366,gadarwara,22.92,78.78,81.734,76,1,4.5186188000000005,IN,2020-07-16
367,clyde river,70.47,-68.59,64.4,55,75,12.750558000000002,CA,2020-07-16
368,phalombe,-15.81,35.65,53.96000000000008,82,31,7.806920600000001,MW,2020-07-16
369,ilulissat,69.22,-51.1,48.2,70,75,5.816044000000001,GL,2020-07-16
370,voh,-20.97,164.7,60.242,73,9,2.1698318,NC,2020-07-16
371,poum,-20.23,164.02,69.44000000000003,60,36,9.954383000000002,NC,2020-07-16
372,la ronge,55.1,-105.28,64.4,63,90,12.750558000000002,CA,2020-07-16
373,dalipey,16.8,120.72,63.55400000000006,86,35,3.9370144000000002,PH,2020-07-16
374,ayan,56.45,138.17,53.978000000000065,96,98,7.493749000000001,RU,2020-07-16
375,dunedin,-45.87,170.5,39.00200000000008,76,68,2.9974996000000003,NZ,2020-07-16
376,kavaratti,10.57,72.64,82.88600000000008,80,100,22.4365082,IN,2020-07-16
377,tarata,-17.62,-66.02,82.4,11,0,3.35541,BO,2020-07-16
378,sept-iles,50.2,-66.38,69.00800000000001,45,90,11.408394,CA,2020-07-16
379,terra santa,-2.1,-56.49,91.292,47,23,5.2344396,BR,2020-07-16
380,baghdad,33.34,44.4,100.4,16,0,11.408394,IQ,2020-07-16
381,ust-tsilma,65.44,52.15,57.398000000000025,65,94,8.164831,RU,2020-07-16
382,pasni,25.26,63.47,84.90200000000007,84,99,10.3346628,PK,2020-07-16
383,muroto,33.28,134.15,72.78800000000004,83,100,7.1358386000000005,JP,2020-07-16
384,port-cartier,50.03,-66.87,69.00800000000001,45,90,11.408394,CA,2020-07-16
385,tiznit,29.58,-9.5,82.88600000000008,44,100,3.8251674,MA,2020-07-16
386,mayo,38.89,-76.51,84.99199999999999,65,20,16.105968,US,2020-07-16
387,moussoro,13.64,16.49,85.28000000000004,50,100,13.7124422,TD,2020-07-16
389,gamba,-2.65,10.0,71.40200000000007,94,67,6.2186932,GA,2020-07-16
390,ust-nera,64.57,143.2,52.39400000000008,60,17,3.6462122,RU,2020-07-16
391,batagay,67.63,134.63,48.92000000000006,57,38,2.9751302,RU,2020-07-16
392,harper,4.38,-7.72,75.14600000000004,77,100,9.574103200000001,LR,2020-07-16
393,umm kaddadah,13.6,26.69,87.74600000000005,41,5,14.9203898,SD,2020-07-16
395,itaituba,-4.28,-55.98,95.0,47,40,11.408394,BR,2020-07-16
396,sorland,67.67,12.69,59.0,82,99,7.381902,NO,2020-07-16
397,karonga,-9.93,33.93,65.642,65,3,10.0885994,MW,2020-07-16
398,miranda de ebro,42.69,-2.95,64.4,68,20,12.750558000000002,ES,2020-07-16
399,broome,42.25,-75.83,75.00200000000008,73,90,10.289924,US,2020-07-16
400,victoria,22.29,114.16,84.00200000000008,83,100,8.008245200000001,HK,2020-07-16
401,victor harbor,-35.57,138.62,53.99600000000005,99,4,7.068730400000001,AU,2020-07-16
402,miri,4.41,114.01,75.2,100,40,3.35541,MY,2020-07-16
403,bathsheba,13.22,-59.52,87.80000000000001,62,40,16.105968,BB,2020-07-16
404,khandyga,62.67,135.6,61.682000000000016,63,0,1.4763804000000003,RU,2020-07-16
406,lewiston,44.1,-70.21,69.80000000000001,64,75,4.697574,US,2020-07-16
407,hervey bay,-25.3,152.85,50.0,61,0,5.010745600000001,AU,2020-07-16
408,kavieng,-2.57,150.8,81.95,72,2,3.7580592,PG,2020-07-16
409,at-bashi,41.17,75.81,60.026000000000096,49,100,2.2816788000000003,KG,2020-07-16
411,noumea,-22.28,166.46,59.0,82,75,2.23694,NC,2020-07-16
413,nokaneng,-19.67,22.27,53.99600000000005,42,0,11.050483600000002,BW,2020-07-16
414,asau,46.43,26.4,57.992,90,5,5.5476112,RO,2020-07-16
415,sakakah,29.97,40.21,96.8,9,0,11.408394,SA,2020-07-16
416,daru,-9.08,143.21,76.01000000000008,85,100,14.2493078,PG,2020-07-16
418,palmer,42.16,-72.33,80.99600000000005,44,75,10.289924,US,2020-07-16
419,sao joao da barra,-21.64,-41.05,71.6,64,75,9.171454,BR,2020-07-16
420,yabrud,33.97,36.66,77.0,50,0,16.105968,SY,2020-07-16
421,nalut,30.33,10.85,86.84600000000006,17,23,0.3579104,LY,2020-07-16
422,nouakchott,18.09,-15.98,80.6,69,20,11.408394,MR,2020-07-16
423,luderitz,-26.65,15.16,71.6,19,0,4.697574,NA,2020-07-16
424,senador jose porfirio,-2.59,-51.95,85.78399999999999,63,80,0.49212680000000003,BR,2020-07-16
425,meulaboh,4.14,96.13,76.78399999999999,89,100,4.4291412,ID,2020-07-16
426,te anau,-45.42,167.72,29.930000000000042,96,44,0.8724066000000001,NZ,2020-07-16
427,jaspur,29.28,78.82,87.49400000000009,58,0,8.5898496,IN,2020-07-16
428,bam,29.11,58.36,88.98800000000006,23,93,15.7927964,IR,2020-07-16
429,khani,41.96,42.96,77.0,78,90,4.697574,GE,2020-07-16
430,finnsnes,69.23,17.98,57.2,87,75,3.35541,NO,2020-07-16
431,itoman,26.12,127.67,82.4,88,75,9.171454,JP,2020-07-16
432,cherskiy,68.75,161.3,50.14400000000008,59,79,2.6395892,RU,2020-07-16
433,namibe,-15.2,12.15,68.108,52,0,2.7738056,AO,2020-07-16
434,nuuk,64.18,-51.72,59.0,62,20,5.816044000000001,GL,2020-07-16
435,faya,18.39,42.45,71.6,49,12,12.750558000000002,SA,2020-07-16
436,buraydah,26.33,43.98,96.8,19,0,6.934514000000001,SA,2020-07-16
437,fundao,-19.93,-40.4,73.4,69,75,11.408394,BR,2020-07-16
439,bafq,31.61,55.41,87.60200000000009,21,99,2.2816788000000003,IR,2020-07-16
440,boa vista,2.82,-60.67,87.80000000000001,58,75,6.934514000000001,BR,2020-07-16
441,lapua,62.97,23.01,64.99400000000009,73,3,2.8856526000000002,FI,2020-07-16
442,wasserburg,48.44,10.27,55.99400000000007,94,100,2.9974996000000003,DE,2020-07-16
443,teocaltiche,21.43,-102.58,78.80000000000001,39,75,6.934514000000001,MX,2020-07-16
444,nizhniy ufaley,55.92,59.98,68.32400000000001,81,0,3.7356898000000003,RU,2020-07-16
445,andenes,69.31,16.12,55.400000000000006,82,75,6.934514000000001,NO,2020-07-16
446,severobaykalsk,55.65,109.32,48.794000000000075,74,38,7.471379600000001,RU,2020-07-16
447,saint-pierre,-21.34,55.48,66.2,77,75,2.23694,RE,2020-07-16
448,baruun-urt,46.68,113.28,59.03600000000007,90,39,9.417517400000001,MN,2020-07-16
449,kokoda,-8.88,147.74,71.94200000000001,72,12,1.8342908,PG,2020-07-16
450,sfantu gheorghe,45.87,25.78,60.00800000000001,82,1,2.460634,RO,2020-07-16
451,sambava,-14.27,50.17,69.38600000000008,80,0,10.7149426,MG,2020-07-16
452,bandipur,27.93,84.42,69.65600000000003,100,89,0.4250186,NP,2020-07-16
453,santa rita,-7.11,-34.98,75.2,88,75,6.934514000000001,BR,2020-07-16
454,adrar,20.5,-10.07,94.1,22,0,16.575725400000003,MR,2020-07-16
455,visnes,59.36,5.22,60.8,77,100,8.052984,NO,2020-07-16
456,brookings,44.31,-96.8,84.99199999999999,48,1,14.987498000000002,US,2020-07-16
457,praxedis guerrero,31.37,-106.02,96.99800000000003,24,40,9.171454,MX,2020-07-16
458,alyangula,-13.85,136.42,57.2,93,0,9.5293644,AU,2020-07-16
459,toktogul,41.87,72.94,67.82000000000006,55,99,2.2816788000000003,KG,2020-07-16
461,mackay,-21.15,149.2,41.0,93,0,3.35541,AU,2020-07-16
462,zeya,53.75,127.27,63.57200000000004,93,0,4.6304658,RU,2020-07-16
463,bereda,43.27,-7.54,62.00600000000003,86,98,8.9924988,ES,2020-07-16
464,aklavik,68.22,-135.01,60.8,67,75,6.934514000000001,CA,2020-07-16
465,araouane,18.9,-3.53,94.64000000000001,25,55,12.1242148,ML,2020-07-16
466,gladstone,-23.85,151.25,51.8,72,0,4.697574,AU,2020-07-16
467,brokopondo,4.75,-55.17,87.94400000000007,56,100,3.7580592,SR,2020-07-16
468,laguna,38.42,-121.42,82.99400000000009,42,1,8.052984,US,2020-07-16
469,sakaraha,-22.9,44.53,57.16400000000003,71,3,11.721565600000002,MG,2020-07-16
470,axim,4.87,-2.24,74.33600000000007,87,6,6.554234200000001,GH,2020-07-16
471,yaransk,57.3,47.89,59.504000000000055,89,99,6.2410626,RU,2020-07-16
472,lamin,13.35,-16.43,78.80000000000001,94,75,10.289924,GM,2020-07-16
473,kamen-rybolov,44.75,132.04,62.708000000000006,93,98,12.974252,RU,2020-07-16
474,miles city,46.41,-105.84,87.80000000000001,18,1,8.052984,US,2020-07-16
475,ust-kuyga,70.02,135.6,43.610000000000085,73,2,7.068730400000001,RU,2020-07-16
476,latung,5.5,120.88,82.61600000000001,74,100,8.2543086,PH,2020-07-16
478,chadan,51.28,91.58,53.25800000000001,72,0,2.3711564000000003,RU,2020-07-16
479,ranfurly,-45.13,170.1,21.991999999999997,95,0,3.1093466,NZ,2020-07-16
480,mayumba,-3.43,10.66,72.66200000000006,89,98,3.7356898000000003,GA,2020-07-16
481,gombong,-7.61,109.51,75.70400000000006,91,78,1.0737312,ID,2020-07-16
482,salalah,17.02,54.09,82.4,94,75,8.052984,OM,2020-07-16
483,moron,-34.65,-58.62,62.00600000000003,58,0,2.23694,AR,2020-07-16
484,avera,33.19,-82.53,93.2,49,1,5.816044000000001,US,2020-07-16
486,sanchez,19.23,-69.61,89.6,70,20,9.171454,DO,2020-07-16
487,el cajon,32.79,-116.96,82.00400000000005,47,5,5.816044000000001,US,2020-07-16
488,mundo novo,-11.86,-40.47,72.23000000000005,63,41,8.231939200000001,BR,2020-07-16
489,kanie,35.13,136.8,73.00400000000005,88,75,9.171454,JP,2020-07-16
490,garoua boulai,5.88,14.55,65.984,94,100,1.4316416,CM,2020-07-16
491,zyryanka,65.75,150.85,45.518000000000086,89,100,7.6503348,RU,2020-07-16
493,port-gentil,-0.72,8.78,77.0,83,75,13.309793,GA,2020-07-16
494,gizo,-8.1,156.84,81.80600000000004,78,55,16.3520314,SB,2020-07-16
495,mae hong son,19.3,97.97,74.37200000000004,87,100,1.3421640000000001,TH,2020-07-16
496,cavalcante,-13.8,-47.46,78.8180000000001,32,0,8.2095698,BR,2020-07-16
498,vila velha,-20.33,-40.29,73.4,69,75,11.408394,BR,2020-07-16
499,batamshinskiy,50.56,58.27,77.0,29,0,8.94776,KZ,2020-07-16
500,huadian,42.96,126.75,64.58000000000004,87,0,1.5434885999999999,CN,2020-07-16
501,sribne,50.66,32.92,59.16200000000006,70,19,3.7804286,UA,2020-07-16
503,lepenou,38.7,21.28,75.2,88,20,9.171454,GR,2020-07-16
504,le vauclin,14.55,-60.84,87.80000000000001,70,40,14.987498000000002,MQ,2020-07-16
505,kirakira,-10.45,161.92,76.49600000000005,82,15,7.5161184,SB,2020-07-16
506,dingle,11.0,122.67,76.91000000000008,89,47,1.8566602,PH,2020-07-16
507,sohag,26.56,31.69,85.44200000000001,20,0,9.663580800000002,EG,2020-07-16
508,isabela,6.71,121.97,77.77400000000002,85,100,4.451510600000001,PH,2020-07-16
509,imuris,30.78,-110.87,100.00400000000006,35,0,1.9908766000000002,MX,2020-07-16
510,itarema,-2.92,-39.92,81.5,69,0,15.4125166,BR,2020-07-16
511,whitianga,-36.83,175.7,53.99600000000005,87,92,7.0016222,NZ,2020-07-16
512,san carlos de bariloche,-41.15,-71.31,39.2,80,90,3.35541,AR,2020-07-16
513,rusape,-18.53,32.13,41.342,87,15,7.449010200000001,ZW,2020-07-16
514,pedernales,18.04,-71.74,93.2,49,40,13.869028000000002,DO,2020-07-16
515,bagaha,27.1,84.08,82.99400000000009,82,74,9.5964726,IN,2020-07-16
516,podbrdo,44.44,17.01,71.6,53,94,4.697574,BA,2020-07-16
518,outlook,51.5,-107.05,75.84800000000003,40,98,6.71082,CA,2020-07-16
519,dayong,25.02,118.29,82.4,88,15,6.71082,CN,2020-07-16
520,soyo,-6.13,12.37,72.96800000000009,88,93,7.8516594,AO,2020-07-16
521,minbu,20.18,94.88,79.82600000000009,78,100,8.5898496,MM,2020-07-16
522,buala,-8.14,159.59,78.94400000000007,80,100,8.522741400000001,SB,2020-07-16
523,kayerkan,69.35,87.76,48.2,87,40,11.184700000000001,RU,2020-07-16
524,margate,51.38,1.39,66.00200000000008,74,100,1.006623,GB,2020-07-16
525,conakry,9.54,-13.68,78.80000000000001,83,75,11.408394,GN,2020-07-16
526,fredericksburg,38.3,-77.46,91.99400000000009,49,40,11.408394,US,2020-07-16
527,nishihara,26.18,127.76,82.4,94,75,8.052984,JP,2020-07-16
528,cerrito,6.84,-72.69,80.6,65,40,11.408394,CO,2020-07-16
529,mana,5.66,-53.78,82.49000000000002,79,100,11.072853,GF,2020-07-16
530,tilichiki,60.47,166.1,50.09000000000002,100,100,0.7158208,RU,2020-07-16
531,pribinic,44.61,17.69,71.6,53,61,4.697574,BA,2020-07-16
532,pagudpud,18.56,120.79,80.24000000000002,76,92,3.7356898000000003,PH,2020-07-16
533,sale,34.04,-6.82,84.2,58,0,11.408394,MA,2020-07-16
534,demirci,39.05,28.66,73.99400000000009,43,0,8.9924988,TR,2020-07-16
535,chengdu,30.67,104.07,78.99800000000002,78,85,4.47388,CN,2020-07-16
536,abashiri,44.02,144.27,57.992,82,0,5.010745600000001,JP,2020-07-16
537,pillaro,-1.17,-78.53,68.0,49,40,9.171454,EC,2020-07-16
538,pisco,-13.7,-76.22,62.00600000000003,87,90,3.35541,PE,2020-07-16
539,farsund,58.09,6.8,59.0,87,72,8.164831,NO,2020-07-16
540,alexander city,32.94,-85.95,91.99400000000009,58,1,4.697574,US,2020-07-16
541,san marcos,33.14,-117.17,82.99400000000009,60,1,8.052984,US,2020-07-16
542,mitu,1.2,-70.17,80.88800000000005,80,64,3.2211936,CO,2020-07-16
543,ust-ilimsk,58.0,102.66,53.690000000000026,73,100,9.9991218,RU,2020-07-16
544,aykhal,66.0,111.5,51.8,76,0,4.47388,RU,2020-07-16
545,comodoro rivadavia,-45.87,-67.5,39.2,93,90,1.6553356000000001,AR,2020-07-16
546,road town,18.42,-64.62,87.80000000000001,62,40,8.052984,VG,2020-07-16
547,goure,13.98,10.27,86.0,56,35,2.9974996000000003,NE,2020-07-16
548,emet,39.34,29.26,60.188000000000045,80,0,4.4291412,TR,2020-07-16
549,richards bay,-28.78,32.04,56.3,77,0,4.854159800000001,ZA,2020-07-16
550,barroso,-21.19,-43.98,59.0,87,90,10.289924,BR,2020-07-16
551,murgab,37.5,61.97,87.80000000000001,33,75,13.869028000000002,TM,2020-07-16
552,kudahuvadhoo,2.67,72.89,84.56000000000009,67,100,3.4225182000000003,MV,2020-07-16
553,wilmington,34.23,-77.94,89.00600000000003,55,1,8.052984,US,2020-07-16
554,laibin,23.7,109.27,77.72000000000006,82,84,3.9817532000000004,CN,2020-07-16
556,mandalgovi,45.76,106.27,47.55200000000008,76,54,21.541732200000002,MN,2020-07-16
557,auki,-8.77,160.7,76.24400000000009,80,87,5.860782800000001,SB,2020-07-16
558,gorontalo,0.54,123.06,73.22000000000006,89,17,2.4382646000000006,ID,2020-07-16
559,manzanillo,20.34,-77.12,89.76200000000006,57,87,5.569980600000001,CU,2020-07-16
560,severo-kurilsk,50.68,156.12,51.09800000000003,90,86,4.7199434,RU,2020-07-16
561,nisia floresta,-6.09,-35.21,77.0,83,75,16.105968,BR,2020-07-16
562,mikhaylovka,50.06,43.24,57.992,75,76,1.9908766000000002,RU,2020-07-16
563,antalaha,-14.9,50.28,69.17000000000007,82,31,7.806920600000001,MG,2020-07-16
564,dukat,62.55,155.55,47.498000000000026,94,100,6.1963238,RU,2020-07-16
565,benjamin hill,30.17,-111.1,100.00400000000006,35,1,1.9908766000000002,MX,2020-07-16
566,kampot,10.62,104.18,78.80000000000001,94,40,2.23694,KH,2020-07-16
567,praya,14.92,-23.51,80.6,61,75,13.869028000000002,CV,2020-07-16
568,storforshei,66.4,14.52,59.0,87,75,3.35541,NO,2020-07-16
569,severo-yeniseyskiy,60.37,93.04,47.714000000000034,96,100,11.050483600000002,RU,2020-07-16
570,estelle,29.85,-90.11,78.80000000000001,94,90,5.816044000000001,US,2020-07-16
571,lagoa,39.05,-27.98,68.39600000000004,79,78,12.8847744,PT,2020-07-16
572,chizhou,30.66,117.48,72.30200000000008,96,60,2.5948504,CN,2020-07-16
573,waingapu,-9.66,120.26,72.15800000000002,86,30,4.9436374,ID,2020-07-16
574,bambanglipuro,-7.95,110.28,74.93000000000004,90,70,1.6553356000000001,ID,2020-07-16
575,kankon,15.02,74.02,79.89800000000002,85,100,13.533487000000001,IN,2020-07-16
576,havelock,34.88,-76.9,89.6,59,75,10.289924,US,2020-07-16
577,forio,40.73,13.86,77.0,75,0,11.989998400000001,IT,2020-07-16
578,ballina,-28.87,153.57,42.8,87,23,6.934514000000001,AU,2020-07-16
579,pulivendla,14.42,78.23,79.05200000000008,75,89,8.0306146,IN,2020-07-16
580,sulangan,11.14,123.72,84.16400000000004,74,67,5.346286600000001,PH,2020-07-16
581,matagami,49.75,-77.63,75.2,60,1,9.171454,CA,2020-07-16
582,high level,58.52,-117.14,62.6,77,90,8.052984,CA,2020-07-16
583,baie-comeau,49.22,-68.15,66.2,55,1,5.816044000000001,CA,2020-07-16
584,batemans bay,-35.72,150.18,37.99400000000007,96,9,9.216192800000002,AU,2020-07-16
585,bongor,10.28,15.37,73.31000000000009,87,100,6.5094954000000005,TD,2020-07-16
586,umm lajj,25.02,37.27,82.958,71,0,6.0621074,SA,2020-07-16
587,kalmunai,7.42,81.82,80.00600000000003,80,100,6.1963238,LK,2020-07-16
588,morant bay,17.88,-76.41,87.99800000000002,58,40,14.987498000000002,JM,2020-07-16
589,pangody,65.85,74.49,45.878000000000064,83,0,4.160708400000001,RU,2020-07-16
590,tucurui,-3.77,-49.67,86.77400000000002,59,24,4.2054472,BR,2020-07-16
591,otane,-39.88,176.63,46.004000000000055,94,100,5.9949992000000005,NZ,2020-07-16
592,belozerskoye,55.82,65.58,68.86400000000003,72,0,5.637088800000001,RU,2020-07-16
593,touros,-5.2,-35.46,77.0,83,75,9.171454,BR,2020-07-16
594,juneau,58.3,-134.42,62.00600000000003,77,75,9.171454,US,2020-07-16
595,angoche,-16.23,39.91,69.62000000000006,71,18,20.602217400000004,MZ,2020-07-16
596,karachi,24.91,67.08,87.80000000000001,62,75,6.934514000000001,PK,2020-07-16
597,sorong,-0.88,131.25,77.93600000000006,82,0,3.690951,ID,2020-07-16
598,chamrajnagar,11.92,76.95,70.95200000000008,86,100,7.9858758000000005,IN,2020-07-16
599,san andres,12.58,-81.7,87.80000000000001,70,20,13.869028000000002,CO,2020-07-16
600,iquique,-20.22,-70.14,62.6,67,15,16.105968,CL,2020-07-16
601,roswell,34.02,-84.36,95.0,55,1,8.008245200000001,US,2020-07-16
602,ponta delgada,37.73,-25.67,69.80000000000001,73,75,12.750558000000002,PT,2020-07-16
603,gat,31.61,34.76,80.00600000000003,69,20,4.697574,IL,2020-07-16
604,henties bay,-22.12,14.28,64.86800000000008,32,0,5.4357642,NA,2020-07-16
605,manavalakurichi,8.13,77.3,78.80000000000001,88,75,3.35541,IN,2020-07-16
606,nouadhibou,20.93,-17.03,71.6,83,0,12.750558000000002,MR,2020-07-16
607,ust-karsk,52.7,118.81,65.03000000000004,81,98,2.3935258000000004,RU,2020-07-16
608,genhe,50.78,121.52,60.58399999999999,92,100,1.9908766000000002,CN,2020-07-16
609,mangai,-4.05,19.53,75.88399999999999,62,100,2.013246,CD,2020-07-16
610,garmisch-partenkirchen,47.49,11.1,60.8,87,75,3.35541,DE,2020-07-16
